filename,spectral_centroid,zero_crossings,spectral_rolloff,chroma_stft,rms,mfcc_1,mfcc_2,mfcc_3,mfcc_4,mfcc_5,mfcc_6,mfcc_7,mfcc_8,mfcc_9,mfcc_10,mfcc_11,mfcc_12,mfcc_13,mfcc_14,mfcc_15,mfcc_16,mfcc_17,mfcc_18,mfcc_19,mfcc_20,mfcc_21,mfcc_22,mfcc_23,mfcc_24,mfcc_25,mfcc_26,mfcc_27,mfcc_28,mfcc_29,mfcc_30,mfcc_31,mfcc_32,mfcc_33,mfcc_34,mfcc_35,mfcc_36,mfcc_37,mfcc_38,mfcc_39,mfcc_40,label
aaa.wav,1510.2351015197983,0.10683806046195653,2316.106646993886,0.38897180557250977,43.48054122924805,-118.09416198730469,173.11572265625,-155.7664031982422,-24.5953426361084,-33.64995193481445,-12.022414207458496,12.344324111938477,-11.764147758483887,20.934354782104492,-12.335489273071289,1.138830304145813,15.91862964630127,-23.643918991088867,2.0010132789611816,4.7198638916015625,2.9698708057403564,10.977692604064941,-1.9828262329101562,10.155783653259277,-3.908231735229492,-5.738747596740723,8.541526794433594,-7.7698893547058105,-1.9344061613082886,-3.9018495082855225,-10.635932922363281,-2.317436456680298,-5.718741416931152,-1.826416015625,-2.9941823482513428,-0.06110966578125954,6.813830375671387,0.3488835096359253,2.46529221534729,-1.4353090524673462,-2.244257688522339,1.76163649559021,-3.402092695236206,0.7459789514541626,-1.3738491535186768,scream
